ts,agents_scheduled
2025-01-07 00:00:00,8
2025-01-07 00:30:00,8
2025-01-07 01:00:00,8
2025-01-07 01:30:00,8
2025-01-07 02:00:00,8
2025-01-07 02:30:00,8
2025-01-07 03:00:00,8
2025-01-07 03:30:00,8
2025-01-07 04:00:00,8
2025-01-07 04:30:00,8
2025-01-07 05:00:00,9
2025-01-07 05:30:00,9
2025-01-07 06:00:00,10
2025-01-07 06:30:00,12
2025-01-07 07:00:00,14
2025-01-07 07:30:00,19
2025-01-07 08:00:00,25
2025-01-07 08:30:00,33
2025-01-07 09:00:00,42
2025-01-07 09:30:00,49
2025-01-07 10:00:00,55
2025-01-07 10:30:00,56
2025-01-07 11:00:00,55
2025-01-07 11:30:00,52
2025-01-07 12:00:00,48
2025-01-07 12:30:00,46
2025-01-07 13:00:00,46
2025-01-07 13:30:00,47
2025-01-07 14:00:00,47
2025-01-07 14:30:00,48
2025-01-07 15:00:00,46
2025-01-07 15:30:00,43
2025-01-07 16:00:00,39
2025-01-07 16:30:00,35
2025-01-07 17:00:00,30
2025-01-07 17:30:00,28
2025-01-07 18:00:00,26
2025-01-07 18:30:00,24
2025-01-07 19:00:00,22
2025-01-07 19:30:00,20
2025-01-07 20:00:00,16
2025-01-07 20:30:00,14
2025-01-07 21:00:00,12
2025-01-07 21:30:00,10
2025-01-07 22:00:00,10
2025-01-07 22:30:00,9
2025-01-07 23:00:00,9
2025-01-07 23:30:00,8
