offered,answered,abandoned,avg_wait_seconds,avg_handle_seconds,service_level_pct,occupancy_pct,csat_mean,csat_responses,ts_text,source_file
12.0,12.0,0.0,2.78,316.88,100.0,42.25,4.015,3.0,2025-01-04 00:00:00,acd_2025_01.csv
17.0,17.0,0.0,8.39,316.86,100.0,59.85,3.656,1.0,2025-01-04 00:30:00,acd_2025_01.csv
11.0,11.0,0.0,3.87,363.49,100.0,44.43,,0.0,2025-01-04 01:00:00,acd_2025_01.csv
14.0,14.0,0.0,2.37,350.29,100.0,45.41,,0.0,2025-01-04 01:30:00,acd_2025_01.csv
7.0,7.0,0.0,0.09,328.97,100.0,21.32,,0.0,2025-01-04 02:00:00,acd_2025_01.csv
25.0,23.0,2.0,16.71,335.5,80.0,71.45,,0.0,2025-01-04 02:30:00,acd_2025_01.csv
19.0,18.0,1.0,6.78,331.89,94.74,55.31,4.079,2.0,2025-01-04 03:00:00,acd_2025_01.csv
16.0,16.0,0.0,3.21,340.19,87.5,50.4,4.878,1.0,2025-01-04 03:30:00,acd_2025_01.csv
20.0,19.0,1.0,14.45,368.47,90.0,64.82,4.302,2.0,2025-01-04 04:00:00,acd_2025_01.csv
20.0,18.0,2.0,19.89,323.05,60.0,64.61,4.3,1.0,2025-01-04 04:30:00,acd_2025_01.csv
14.0,14.0,0.0,2.15,331.81,92.86,43.01,4.198,4.0,2025-01-04 05:00:00,acd_2025_01.csv
15.0,14.0,1.0,6.97,351.16,86.67,54.62,,0.0,2025-01-04 05:30:00,acd_2025_01.csv
28.0,25.0,3.0,20.68,392.6,85.71,77.9,4.251,6.0,2025-01-04 06:00:00,acd_2025_01.csv
23.0,21.0,2.0,1.87,304.75,91.3,44.44,,0.0,2025-01-04 06:30:00,acd_2025_01.csv
34.0,32.0,2.0,5.65,275.77,85.29,61.28,4.432,2.0,2025-01-04 07:00:00,acd_2025_01.csv
45.0,44.0,1.0,8.47,293.03,80.0,71.63,4.544,4.0,2025-01-04 07:30:00,acd_2025_01.csv
39.0,38.0,1.0,0.84,265.11,97.44,50.88,3.953,2.0,2025-01-04 08:00:00,acd_2025_01.csv
61.0,60.0,1.0,1.78,286.5,95.08,63.67,4.161,5.0,2025-01-04 08:30:00,acd_2025_01.csv
70.0,69.0,1.0,1.36,309.78,98.57,65.97,4.454,5.0,2025-01-04 09:00:00,acd_2025_01.csv
72.0,72.0,0.0,0.24,316.58,95.83,57.56,4.284,6.0,2025-01-04 09:30:00,acd_2025_01.csv
89.0,88.0,1.0,2.29,322.04,94.38,71.56,4.322,10.0,2025-01-04 10:00:00,acd_2025_01.csv
164.0,149.0,15.0,18.37,292.11,74.39,93.0,4.273,5.0,2025-01-04 10:30:00,acd_2025_01.csv
156.0,143.0,13.0,14.02,302.53,62.82,96.14,4.181,15.0,2025-01-04 11:00:00,acd_2025_01.csv
151.0,145.0,6.0,4.35,284.69,89.4,81.9,4.397,16.0,2025-01-04 11:30:00,acd_2025_01.csv
148.0,144.0,4.0,2.42,270.81,93.92,77.37,4.291,13.0,2025-01-04 12:00:00,acd_2025_01.csv
137.0,134.0,3.0,2.13,301.89,96.35,74.91,4.284,10.0,2025-01-04 12:30:00,acd_2025_01.csv
121.0,117.0,4.0,4.02,325.02,91.74,81.26,4.355,7.0,2025-01-04 13:00:00,acd_2025_01.csv
133.0,129.0,4.0,6.7,321.07,87.97,82.18,4.37,10.0,2025-01-04 13:30:00,acd_2025_01.csv
115.0,105.0,10.0,6.5,315.8,85.22,80.1,4.432,4.0,2025-01-04 14:00:00,acd_2025_01.csv
156.0,145.0,11.0,18.02,305.29,69.87,94.59,4.139,18.0,2025-01-04 14:30:00,acd_2025_01.csv
124.0,118.0,6.0,7.33,285.5,80.65,85.07,4.275,5.0,2025-01-04 15:00:00,acd_2025_01.csv
109.0,106.0,3.0,2.57,283.0,95.41,72.46,4.466,4.0,2025-01-04 15:30:00,acd_2025_01.csv
100.0,98.0,2.0,5.08,296.68,92.0,76.92,4.551,7.0,2025-01-04 16:00:00,acd_2025_01.csv
123.0,118.0,5.0,11.35,303.58,81.3,90.46,4.28,8.0,2025-01-04 16:30:00,acd_2025_01.csv
87.0,86.0,1.0,1.57,283.78,97.7,67.79,4.482,4.0,2025-01-04 17:00:00,acd_2025_01.csv
78.0,76.0,2.0,3.95,320.6,91.03,75.2,4.228,5.0,2025-01-04 17:30:00,acd_2025_01.csv
80.0,76.0,4.0,16.73,297.36,78.75,83.7,4.489,4.0,2025-01-04 18:00:00,acd_2025_01.csv
64.0,63.0,1.0,5.21,297.11,81.25,74.28,4.249,5.0,2025-01-04 18:30:00,acd_2025_01.csv
77.0,67.0,10.0,20.64,304.58,62.34,87.21,4.072,3.0,2025-01-04 19:00:00,acd_2025_01.csv
45.0,43.0,2.0,3.71,276.81,95.56,60.12,4.171,2.0,2025-01-04 19:30:00,acd_2025_01.csv
36.0,34.0,2.0,9.22,316.11,88.89,66.34,4.299,3.0,2025-01-04 20:00:00,acd_2025_01.csv
25.0,23.0,2.0,14.25,312.31,72.0,66.51,,0.0,2025-01-04 20:30:00,acd_2025_01.csv
23.0,23.0,0.0,11.54,332.07,73.91,70.72,4.552,1.0,2025-01-04 21:00:00,acd_2025_01.csv
25.0,22.0,3.0,5.5,311.05,88.0,54.31,,0.0,2025-01-04 21:30:00,acd_2025_01.csv
19.0,19.0,0.0,2.65,313.2,100.0,47.23,4.555,2.0,2025-01-04 22:00:00,acd_2025_01.csv
11.0,11.0,0.0,0.73,329.72,100.0,33.58,4.934,1.0,2025-01-04 22:30:00,acd_2025_01.csv
9.0,9.0,0.0,1.64,343.11,100.0,34.31,,0.0,2025-01-04 23:00:00,acd_2025_01.csv
12.0,12.0,0.0,5.21,347.47,91.67,46.33,,0.0,2025-01-04 23:30:00,acd_2025_01.csv
