agents_scheduled,agents_present,agents_absent,ts_text,source_file
5.0,5.0,0.0,2025-01-01 00:00:00,wfm_2025_01.csv
5.0,5.0,0.0,2025-01-01 00:30:00,wfm_2025_01.csv
5.0,4.0,1.0,2025-01-01 01:00:00,wfm_2025_01.csv
5.0,5.0,0.0,2025-01-01 01:30:00,wfm_2025_01.csv
5.0,5.0,0.0,2025-01-01 02:00:00,wfm_2025_01.csv
5.0,5.0,0.0,2025-01-01 02:30:00,wfm_2025_01.csv
5.0,5.0,0.0,2025-01-01 03:00:00,wfm_2025_01.csv
5.0,4.0,1.0,2025-01-01 03:30:00,wfm_2025_01.csv
5.0,5.0,0.0,2025-01-01 04:00:00,wfm_2025_01.csv
5.0,5.0,0.0,2025-01-01 04:30:00,wfm_2025_01.csv
6.0,6.0,0.0,2025-01-01 05:00:00,wfm_2025_01.csv
6.0,6.0,0.0,2025-01-01 05:30:00,wfm_2025_01.csv
6.0,6.0,0.0,2025-01-01 06:00:00,wfm_2025_01.csv
7.0,6.0,1.0,2025-01-01 06:30:00,wfm_2025_01.csv
8.0,7.0,1.0,2025-01-01 07:00:00,wfm_2025_01.csv
9.0,8.0,1.0,2025-01-01 07:30:00,wfm_2025_01.csv
11.0,10.0,1.0,2025-01-01 08:00:00,wfm_2025_01.csv
13.0,13.0,0.0,2025-01-01 08:30:00,wfm_2025_01.csv
15.0,14.0,1.0,2025-01-01 09:00:00,wfm_2025_01.csv
19.0,16.0,3.0,2025-01-01 09:30:00,wfm_2025_01.csv
21.0,20.0,1.0,2025-01-01 10:00:00,wfm_2025_01.csv
23.0,22.0,1.0,2025-01-01 10:30:00,wfm_2025_01.csv
24.0,22.0,2.0,2025-01-01 11:00:00,wfm_2025_01.csv
25.0,24.0,1.0,2025-01-01 11:30:00,wfm_2025_01.csv
25.0,24.0,1.0,2025-01-01 12:00:00,wfm_2025_01.csv
25.0,23.0,2.0,2025-01-01 12:30:00,wfm_2025_01.csv
24.0,22.0,2.0,2025-01-01 13:00:00,wfm_2025_01.csv
24.0,23.0,1.0,2025-01-01 13:30:00,wfm_2025_01.csv
23.0,20.0,3.0,2025-01-01 14:00:00,wfm_2025_01.csv
22.0,21.0,1.0,2025-01-01 14:30:00,wfm_2025_01.csv
22.0,21.0,1.0,2025-01-01 15:00:00,wfm_2025_01.csv
21.0,21.0,0.0,2025-01-01 15:30:00,wfm_2025_01.csv
20.0,18.0,2.0,2025-01-01 16:00:00,wfm_2025_01.csv
19.0,18.0,1.0,2025-01-01 16:30:00,wfm_2025_01.csv
18.0,18.0,0.0,2025-01-01 17:00:00,wfm_2025_01.csv
15.0,14.0,1.0,2025-01-01 17:30:00,wfm_2025_01.csv
14.0,14.0,0.0,2025-01-01 18:00:00,wfm_2025_01.csv
12.0,11.0,1.0,2025-01-01 18:30:00,wfm_2025_01.csv
11.0,10.0,1.0,2025-01-01 19:00:00,wfm_2025_01.csv
9.0,8.0,1.0,2025-01-01 19:30:00,wfm_2025_01.csv
8.0,6.0,2.0,2025-01-01 20:00:00,wfm_2025_01.csv
7.0,7.0,0.0,2025-01-01 20:30:00,wfm_2025_01.csv
6.0,6.0,0.0,2025-01-01 21:00:00,wfm_2025_01.csv
6.0,5.0,1.0,2025-01-01 21:30:00,wfm_2025_01.csv
6.0,6.0,0.0,2025-01-01 22:00:00,wfm_2025_01.csv
6.0,5.0,1.0,2025-01-01 22:30:00,wfm_2025_01.csv
5.0,5.0,0.0,2025-01-01 23:00:00,wfm_2025_01.csv
5.0,5.0,0.0,2025-01-01 23:30:00,wfm_2025_01.csv
